"task","lt_hip_sagittal","lt_hip_frontal","lt_hip_transe","lt_knee_sagittal","lt_knee_frontal","lt_knee_transe","lt_ank_sagittal","lt_ank_frontal","lt_ank_transe","rt_hip_sagittal","rt_hip_frontal","rt_hip_transe","rt_knee_sagittal","rt_knee_frontal","rt_knee_transe","rt_ank_sagittal","rt_ank_frontal","rt_ank_transe","lt_plv_sagittal","lt_plv_frontal","lt_plv_transe","rt_plv_sagittal","rt_plv_frontal","rt_plv_transe"
0,3.07242,-8.17193,3.834656,0.001816,5.852446,-8.410213,9.292236,0.77679,-2.748197,5.297416,-10.877237,-3.077027,2.04009,7.601473,-8.71969,6.51825,2.0708,-10.43454,9.827476,1.827095,2.070657,9.827476,-1.827095,-2.070657
1,4.99277113,-8.75519364,3.79469852,1.73997404,7.20187822,-7.61937858,9.79697376,0.93267372,-3.50135033,7.55364254,-11.59894077,-2.55587114,4.29714479,8.66692896,-8.15180513,7.23447135,2.14009206,-10.85041617,10.32733422,1.99356787,2.30357903,10.32733422,-1.99356787,-2.30357903
2,7.22264258,-9.50950308,3.75459908,3.78066172,8.88233024,-6.78645398,10.39543626,1.08373286,-4.23001734,10.17233394,-12.48112202,-1.92397806,6.92218698,10.04699732,-7.54144982,8.08493954,2.2044269,-11.23549234,10.93120304,2.19153792,2.5651747,10.93120304,-2.19153792,-2.5651747
3,9.73084656,-10.4350125,3.72363003,6.09631811,10.86123316,-5.91022162,11.07600675,1.22533049,-4.91178382,13.0793018,-13.48989877,-1.17828617,9.78721336,11.7242003,-6.85322432,9.01321192,2.26702508,-11.60917817,11.63640259,2.41358667,2.85371966,11.63640259,-2.41358667,-2.85371966
4,12.46914848,-11.51983172,3.71110376,8.64262912,13.0757324,-4.97816856,11.82090152,1.35531652,-5.53639692,16.18630376,-14.57874408,-0.32396076,12.74894316,13.65869656,-6.06025808,9.95482648,2.33137184,-11.99224568,12.43624896,2.64846544,3.16627332,12.43624896,-2.64846544,-3.16627332
5,15.37610435,-12.74098185,3.7253888,11.3607873,15.4428717,-3.9694432,12.60664045,1.47452125,-6.1080244,19.40943585,-15.7006637,0.6246157,15.68258885,15.7989755,-5.15989455,10.85201295,2.3986054,-12.3913286,13.32006015,2.88451455,3.4985599,13.32006015,-2.88451455,-3.4985599
6,18.38502458,-14.06926778,3.77247418,14.18639054,17.87659978,-2.86401788,13.40705298,1.58532842,-6.63826312,22.68174006,-16.81765314,1.64505064,18.50694858,18.09129666,-4.17570696,11.66584854,2.46637054,-12.79231298,14.27307786,3.1125779,3.84463142,14.27307786,-3.1125779,-3.84463142
7,21.43433602,-15.47609524,3.8549378,17.06346858,20.3067352,-1.653569,14.19839315,1.68904295,-7.13351364,25.95637448,-17.90545594,2.71053455,21.19298712,20.48518485,-3.14540875,12.38212423,2.5298554,-13.16679895,15.27653593,3.32765477,4.19633632,15.27653593,-3.32765477,-4.19633632
8,24.47559524,-16.93990236,3.97244948,19.95696912,22.69013168,-0.343842999999999,14.96346688,1.78386832,-7.58536412,29.20231772,-18.95335244,3.79583132,23.75364268,22.93909088,-2.10244148,13.00812364,2.5840642,-13.48565908,16.30930864,3.52829172,4.54353516,16.30930864,-3.52829172,-4.54353516
9,27.47393852,-18.4469331,4.12314445,22.85491339,25.01034754,1.05005214,15.69247644,1.86498994,-7.97114604,32.39799262,-19.96207282,4.88244229,26.22879535,25.42300386,-1.06381614,13.56674378,2.62573875,-13.7302065,17.34910473,3.71533808,4.87474046,17.34910473,-3.71533808,-4.87474046
10,30.4048513,-19.9899333,4.3051658,25.7636082,27.270882,2.5132947,16.3812753,1.9262628,-8.2620492,35.5275881,-20.9398504,5.9624421,28.6713224,27.9191593,-0.0270449,14.0895541,2.6539794,-13.8956315,18.3743076,3.8903065,5.1784472,18.3743076,-3.8903065,-5.1784472
11,33.25069525,-21.56533195,4.51773833,28.69980139,29.48616403,4.03969634,17.02898019,1.96253771,-8.43406186,38.58035754,-21.89791683,7.0391232,31.13705863,30.41894289,1.02519684,14.61038927,2.66974515,-13.98787644,19.36587248,4.05429921,5.4447193,19.36587248,-4.05429921,-5.4447193
12,35.9991848,-23.17075396,4.76190876,31.68417976,31.67286752,5.6351138,17.63593204,1.97111596,-8.47471804,41.550631,-22.84643868,8.12370348,33.67727444,32.91810824,2.11894292,15.15915188,2.67484688,-14.01770948,20.30916024,4.20757372,5.66663488,20.30916024,-4.20757372,-5.66663488
13,38.6434821,-24.80309605,5.04154591,34.73859882,33.84313968,7.31619611,18.2027869,1.95205875,-8.38438703,44.43719478,-23.79205849,9.22990717,36.33524249,35.41177733,3.2854232,15.75764294,2.67120798,-13.99643224,21.19465285,4.34970965,5.84086884,21.19465285,-4.34970965,-5.84086884
14,41.18355004,-26.4577757,5.3639581,37.88558228,36.00087422,9.1073998,18.73080742,1.90803282,-8.17554352,47.24246492,-24.7364883,10.36877134,39.14510358,37.89046742,4.55903172,16.41728652,2.66054916,-13.93407544,22.01782954,4.47956546,5.96818056,22.01782954,-4.47956546,-5.96818056
15,43.626972,-28.1278899,5.74003375,41.14892375,38.13817405,11.03785885,19.2225208,1.8437822,-7.870361,49.9712825,-25.67648395,11.5454382,42.13304635,40.33817085,5.97643045,17.13889805,2.64433695,-13.8391762,22.7782255,4.59520505,6.05315345,22.7782255,-4.59520505,-6.05315345
16,45.99031728,-29.80289952,6.18385844,44.55151184,40.2337444,13.13545824,19.6826206,1.76547728,-7.49780416,52.62969156,-26.6055194,12.75622684,45.31622184,42.73222144,7.57395524,17.9129332,2.62399512,-13.71998196,23.47889724,4.69391752,6.1031588,23.47889724,-4.69391752,-6.1031588
17,48.29809728,-31.46878294,6.71320793,48.11368268,42.25416226,15.4218892,20.11807702,1.67958754,-7.0884085,55.22189166,-27.51554991,13.98713654,48.70411423,45.04325348,9.3861227,18.72229474,2.60107231,-13.58552537,24.12451441,4.77154522,6.12620135,24.12451441,-4.77154522,-6.12620135
18,50.58116652,-33.10861578,7.35015862,51.84986532,44.15775046,17.90686334,20.53822408,1.59191762,-6.66976152,57.7485152,-28.39762748,15.21428966,52.2991293,47.2343263,11.44156158,19.54605256,2.5773721,-13.44634566,24.71966848,4.82197928,6.12939106,24.71966848,-4.82197928,-6.12939106
19,52.8738968,-34.70316051,8.12076496,55.7633242,45.89998196,20.58252531,20.95438994,1.50703425,-6.26372086,60.20669523,-29.24186285,16.40733651,56.09526407,49.26132008,13.75525104,20.3636191,2.55481288,-13.3137109,25.26756974,4.83729444,6.11829816,25.26756974,-4.83729444,-6.11829816
20,55.2102206,-36.2310146,9.0535988,59.8422514,47.4381892,23.4214202,21.3790584,1.4280054,-5.885105,62.5904268,-30.037434,17.5338664,60.075459,51.0741592,16.320868,21.1584856,2.5352356,-13.198488,25.7686802,4.808492,6.096629,25.7686802,-4.808492,-6.096629
21,57.61761086,-37.67004047,10.17329691,64.05572359,48.74032218,26.3751094,21.82422639,1.35618214,-5.54055242,64.89252161,-30.77527575,18.56552601,64.20489785,52.62532754,19.10026295,21.92083229,2.51990484,-13.10818376,26.22062692,4.72782677,6.06594157,26.22062692,-4.72782677,-6.06594157
22,60.1120351,-38.9985704,11.49719342,68.35846002,49.78758302,29.38219574,22.2993226,1.2911458,-5.2282034,67.10394136,-31.45069654,19.48143832,68.43111014,53.8764434,22.02557722,22.64753404,2.50912836,-13.04466256,26.61749456,4.58971884,6.02538434,26.61749456,-4.58971884,-6.02538434
23,62.69244212,-40.19915912,13.02899988,72.69755337,50.57936903,32.37954883,22.80864821,1.23094958,-4.93881453,69.21371831,-32.06772611,20.27090498,72.68834924,54.80889342,25.00753512,23.34040661,2.50175099,-13.0011576,26.95044018,4.39218441,5.97196803,26.95044018,-4.39218441,-5.97196803
24,65.3370228,-41.263742,14.75434832,77.0233074,51.1348346,35.3189304,23.34885248,1.17268888,-4.6584832,71.20805228,-32.64259984,20.9336246,76.9120168,55.43099928,27.95575648,24.00345156,2.4948136,-12.96023488,27.20856936,4.13754372,5.90150144,27.20856936,-4.13754372,-5.90150144
25,68.00379575,-42.1973685,16.63885025,81.299154,51.48902025,38.179665,23.90808125,1.11308525,-4.37145225,73.07110425,-33.205165,21.47915675,81.05744325,55.778483,30.803214,24.64009925,2.483505,-12.893502,27.380638,3.8331305,5.80972975,27.380638,-3.8331305,-5.80972975
26,70.63850246,-43.019436,18.6308895,85.50561224,51.68487956,40.96868276,24.46784512,1.04884214,-4.0618322,74.78988884,-33.79404984,21.92667548,85.11199616,55.90713166,33.52187604,25.25214974,2.46189466,-12.76586732,27.45863258,3.49161382,5.69404438,27.45863258,-3.49161382,-5.69404438
27,73.1882719,-43.75802824,20.67345181,89.63425777,51.75979042,43.70428275,25.00805301,0.97682653,-3.71446204,76.35791344,-34.44550568,22.30171898,89.08760162,55.87385045,36.11488443,25.83991704,2.4241702,-12.54274832,27.43965157,3.12895875,5.55487905,27.43965157,-3.12895875,-5.55487905
28,75.6145602,-44.4440628,22.71585524,93.67689944,51.739224,46.39566756,25.51212476,0.894312,-3.3161122,77.78032604,-35.18037616,22.63470152,93.0016702,55.72423664,38.59468132,26.40340552,2.36600244,-12.19795936,27.3281688,2.76200396,5.39776052,27.3281688,-2.76200396,-5.39776052
29,77.90063997,-45.1067226,24.72341456,97.61732428,51.63649105,49.03039177,25.97029295,0.79931669,-2.85710106,79.07519503,-35.99469593,22.95907661,96.85801441,55.48844068,40.96355506,26.94270816,2.28566251,-11.72024105,27.13641326,2.40554896,5.2354049,27.13641326,-2.40554896,-5.2354049
30,80.0536473,-45.7718911,26.6830736,101.4311264,51.458029,51.5772514,26.380408,0.6911323,-2.333908,80.2700541,-36.8584392,23.3059942,100.6389879,55.1848075,43.2096592,27.4578488,2.1847459,-11.1177983,26.8832251,2.0693183,5.0880405,26.8832251,-2.0693183,-5.0880405
31,82.10076271,-46.46183127,28.6029827,105.09319073,51.209017,54.0024375,26.74620971,0.5708768,-1.75187574,81.39388124,-37.72466556,23.69648978,104.31104759,54.82640432,45.31789369,27.94806048,2.06806126,-10.41807246,26.59103851,1.75618861,4.98029592,26.59103851,-1.75618861,-4.98029592
32,84.0806686,-47.1960256,30.50642516,108.58565236,50.8958142,56.28773736,27.07346512,0.44163056,-1.12591632,82.46877116,-38.54368108,24.13652632,107.83740108,54.42583192,47.28471448,28.41052828,1.94257516,-9.66200968,26.28194104,1.46283672,4.93689436,26.28194104,-1.46283672,-4.93689436
33,86.03625164,-47.99150035,32.42471998,111.90479878,50.52549247,58.44229974,27.3669705,0.3082284,-0.479549099999998,83.50484083,-39.27639072,24.61536499,111.19180557,53.99692099,49.1281786,28.83989048,1.81590143,-8.89528743,25.97434854,1.18133491,4.97791397,25.97434854,-1.18133491,-4.97791397
34,88.00851816,-48.86135808,34.39085982,115.06032322,50.10224122,60.49826298,27.62860856,0.17593708,0.16156444,84.49725222,-39.90322754,25.10607604,114.36436616,53.55182478,50.88279034,29.22863702,1.69432718,-8.15634566,25.68013472,0.90079486,5.1148886,25.68013472,-0.90079486,-5.1148886
35,90.03302425,-49.8107637,36.4347003,118.0695163,49.62489755,62.4926717,27.85815565,0.0485011499999996,0.779108850000002,85.4284727,-40.426523,25.57054235,117.3602203,53.0976538,52.58465465,29.56905145,1.58125595,-7.4665917,25.4033055,0.609119699999999,5.3480636,25.4033055,-0.609119699999999,-5.3480636
36,92.14012432,-50.83399908,38.58218404,120.94739472,49.08672196,64.44443264,28.05534684,-0.07355696,1.37041964,86.27568196,-40.86312448,25.96923,120.19043612,52.63448968,54.25138976,29.85614644,1.47670544,-6.82684296,25.1412856,0.29456504,5.66798752,25.1412856,-0.29456504,-5.66798752
37,94.35878824,-51.91209753,40.85750832,123.69830103,48.47751711,66.33738306,28.22281206,-0.19356143,1.95149442,87.01988358,-41.23310009,26.26987909,122.86148516,52.1561339,55.86779318,30.08980523,1.37789324,-6.22060763,24.88825783,-0.0536546099999987,6.0588693,24.88825783,0.0536546099999987,-6.0588693
38,96.71935068,-53.01320988,43.28470562,126.31270826,47.78823014,68.11870476,28.3672605,-0.3178982,2.55311132,87.65166362,-41.55026804,26.45218144,125.36864098,51.653848,57.38759556,30.27561444,1.28096658,-5.62456452,24.6389519,-0.44512024,6.50248044,24.6389519,0.44512024,-6.50248044
39,99.25400359,-54.09724365,45.88840145,128.77046192,47.01635513,69.7172872,28.49751103,-0.453530269999999,3.20871871,88.17065597,-41.81809469,26.50695787,127.69616314,51.12252452,58.75142914,30.42290951,1.18296354,-5.0206356,24.39202691,-0.888178029999998,6.98206658,24.39202691,0.888178029999998,-6.98206658
40,101.9903074,-55.123998,48.6886988,131.0516602,46.1714738,71.0778882,28.6199054,-0.6047846,3.9388228,88.5824294,-42.0325902,26.4343892,129.8275696,50.567033,59.9158756,30.5415422,1.0831348,-4.4042898,24.1523074,-1.388618,7.4845842,24.1523074,1.388618,-7.4845842
41,104.94643203,-56.06076784,51.69823189,133.14507664,45.27503748,72.18836983,28.73400875,-0.770955570000001,4.73941645,88.8925216,-42.18727316,26.23905053,131.75402038,50.00398348,60.87384587,30.63780388,0.98327691,-3.78672674,23.93123813,-1.94913468,8.00211465,23.93123813,1.94913468,-8.00211465
42,108.1249522,-56.88547738,54.91673216,135.05249822,44.35732322,73.0871598,28.83151004,-0.9459564,5.58049968,89.10472526,-42.27738972,25.9280654,133.47906282,49.4588138,61.65718968,30.7130931,0.88704782,-3.19076282,23.74546036,-2.5683763,8.53104338,23.74546036,2.5683763,-8.53104338
43,111.50855511,-57.58521508,58.3270221,136.78641125,43.45247976,73.84603991,28.89899842,-1.12055982,6.41723182,89.22259878,-42.3008366,25.51085896,135.0155704,48.95964774,62.31895536,30.76532137,0.79848342,-2.641645,23.61380478,-3.24071726,9.07019716,23.61380478,3.24071726,-9.07019716
44,115.05735144,-58.151737,61.89160812,138.36334632,42.5935748,74.54019192,28.9235506,-1.2856964,7.20601528,89.2537828,-42.2564534,25.00172932,136.37900272,48.53104084,62.911045,30.79227352,0.7209892,-2.16075276,23.5537342,-3.95622408,9.61870232,23.5537342,3.95622408,-9.61870232
45,118.7067017,-58.5788874,65.5494243,139.798993,41.8075979,75.2218748,28.8994978,-1.4352562,7.91799785,89.2139292,-42.14295445,24.42234405,137.58233325,48.1886272,63.46655225,30.7952744,0.656671,-1.7613888,23.57699595,-4.70097315,10.17378485,23.57699595,4.70097315,-10.17378485
46,122.37020162,-58.85935886,69.21777584,141.10176752,41.11289192,75.9066586,28.83167206,-1.56711926,8.54366622,89.12438354,-41.95966552,23.79843588,138.63096522,47.93776016,63.99191842,30.7802981,0.60630458,-1.44853546,23.6876343,-5.45936596,10.72873448,23.6876343,5.45936596,-10.72873448
47,125.94161558,-58.98750226,72.79382761,142.2731737,40.51902921,76.57696375,28.7350137,-1.68275105,9.09060117,89.00934308,-41.71048339,23.15821851,139.52564326,47.77461651,64.47171672,30.75672804,0.56914852,-1.21767919,23.88082102,-6.2146934,11.27187225,23.88082102,6.2146934,-11.27187225
48,129.30163156,-58.96411748,76.16109188,143.30989208,40.02875656,77.1954966,28.63016936,-1.78572704,9.576245,88.89135956,-41.4080322,22.53033092,140.26763408,47.68910524,64.88193948,30.73443852,0.54322084,-1.05655992,24.1435218,-6.9490408,11.7865102,24.1435218,6.9490408,-11.7865102
49,132.33038885,-58.80209688,79.20154377,144.20774223,39.64006637,77.72415788,28.53696551,-1.8797736,10.01854121,88.78771895,-41.07625882,21.94290999,140.86447727,47.66773978,65.20435966,30.72079093,0.5256835,-0.9475704,24.45578298,-7.64280789,12.25172787,24.45578298,7.64280789,-12.25172787
50,134.9227905,-58.5284215,81.810768,144.9644315,39.3478925,78.138748,28.468937,-1.966973,10.42754,88.708122,-40.749626,21.422467,141.3330385,47.695812,65.435379,30.718813,0.5132555,-0.8703315,24.7925165,-8.2749655,12.644219,24.7925165,8.2749655,-12.644219
51,136.99528992,-58.18099468,83.90513992,145.57934173,39.14642232,78.43444808,28.43089914,-2.04683863,10.80118119,88.65482523,-40.46845625,20.99367659,141.69695171,47.75924925,65.58582302,30.72736384,0.50270457,-0.80475369,25.12570654,-8.82347366,12.94003288,25.12570654,8.82347366,-12.94003288
52,138.48924396,-57.80418916,85.42551408,146.052986,39.0300738,78.62355412,28.41930848,-2.11654368,11.12651496,88.62483148,-40.27221368,20.67911388,141.98187112,47.84546532,65.67548304,30.7425722,0.4912766,-0.733723280000001,25.42636216,-9.2665986,13.1171918,25.42636216,9.2665986,-13.1171918
53,139.36597614,-57.44291997,86.33281112,146.38527146,38.9952951,78.72766457,28.42441893,-2.17195302,11.38459465,88.61321122,-40.19341938,20.49952432,142.20951267,47.9443272,65.72507578,30.75955383,0.47700159,-0.64499619,25.66696052,-9.5837687,13.15772608,25.66696052,9.5837687,-13.15772608
54,139.60430582,-57.13643804,86.60575748,146.57492362,39.0412032,78.76948294,28.4334307,-2.20883644,11.55612288,88.61590738,-40.2522239,20.47238012,142.39277358,48.04888196,65.74992392,30.77380498,0.45893752,-0.53271066,25.82470144,-9.75756216,13.0505518,25.82470144,9.75756216,-13.0505518
55,139.19197065,-56.9130568,86.23200215,146.6174521,39.17069795,78.76471075,28.4338271,-2.2239198,11.62620905,88.6333252,-40.45322315,20.61242915,142.53189015,48.156233,65.7546213,30.78265695,0.43732025,-0.3983361,25.88459035,-9.773935,12.7925663,25.88459035,9.773935,-12.7925663
56,138.11959644,-56.78679444,85.20110024,146.50324976,39.39091936,78.71790148,28.41577244,-2.21512988,11.58536936,88.67220116,-40.78358752,20.93213456,142.61289708,48.26870744,65.7297652,30.78656112,0.41347028,-0.2500742,25.8418712,-9.62216584,12.38923512,25.8418712,9.62216584,-12.38923512
57,136.38137026,-56.75454449,83.50442392,146.21638085,39.71286901,78.62195053,28.3736049,-2.18126477,11.42792022,88.74397369,-41.21250284,21.43928218,142.60807721,48.39498978,65.65428693,30.78895736,0.38985489,-0.10326837,25.70413164,-9.29592722,11.85540072,25.70413164,9.29592722,-11.85540072
58,133.97652972,-56.79409792,81.13591798,145.73234794,40.15080658,78.45863464,28.30594996,-2.12139566,11.14913074,88.85915686,-41.69373252,22.13228178,142.47699122,48.55109522,65.50337354,30.79461238,0.3705644,0.0166496999999993,25.49180628,-8.79450232,11.21438528,25.49180628,8.79450232,-11.21438528
59,130.92437568,-56.86211224,78.10638774,145.01916006,40.71936932,78.20157413,28.21562422,-2.03441807,10.7431296,89.02005686,-42.17128248,22.9920364,142.17037868,48.75969564,65.25737445,30.80656427,0.36143739,0.07338975,25.23842319,-8.1265939,10.49651076,25.23842319,8.1265939,-10.49651076
60,127.2691404,-56.8970076,74.4483992,144.0353702,41.4326024,77.8178236,28.107805,-1.9185866,10.2007184,89.2158236,-42.5876896,23.9801766,141.632071,49.0492776,64.9040694,30.8231652,0.3695354,0.0230456,24.987421,-7.309739,9.734458,24.987421,7.309739,-9.734458
61,123.09389144,-56.82466703,70.23214646,142.73158155,42.30165992,77.26995604,27.98846429,-1.77152086,9.50932554,89.42049467,-42.89043147,25.03987481,140.80190141,49.45235126,64.43736395,30.83600191,0.40229166,-0.180585979999999,24.78813213,-6.37062914,8.96043518,24.78813213,6.37062914,-8.96043518
62,118.5288878,-56.56839216,65.57790542,141.05202496,43.3321021,76.51662744,27.86255566,-1.59074604,8.65555684,89.59412488,-43.03740772,26.10051414,139.61698302,50.00149274,63.85245352,30.8294097,0.4666494,-0.58065074,24.68953258,-5.34437064,8.203446,24.68953258,5.34437064,-8.203446
63,113.74837909,-56.06137894,60.65717746,138.93499811,44.52078592,75.51031302,27.7324161,-1.37440647,7.62860727,89.68652188,-42.99882944,27.08446387,138.00762477,50.72395819,63.13590315,30.78208354,0.5686469,-1.21455894,24.73317818,-4.2727005,7.48751351,24.73317818,4.2727005,-7.48751351
64,108.95075016,-55.26392428,55.6779562,136.32058176,45.85068572,74.20054948,27.59630824,-1.12229416,6.42551056,89.64422376,-42.75871012,27.9170046,135.89698616,51.63215252,62.25409512,30.6712894,0.71250312,-2.10807056,24.94387712,-3.20099932,6.83030656,24.94387712,3.20099932,-6.83030656
65,104.32010305,-54.16995855,50.847046,133.14817975,47.2898952,72.5323087,27.44738965,-0.835652749999999,5.05061195,89.41561965,-42.30963285,28.5338236,133.1905832,52.71818995,61.1385352,30.47696145,0.900580500000001,-3.2746105,25.32632555,-2.1732766,6.24423195,25.32632555,2.1732766,-6.24423195
66,99.991421,-52.80858438,46.33406082,129.36132684,48.78996714,70.448037,27.27373828,-0.517624379999998,3.51824011999999,88.9565866,-41.6509259,28.88820846,129.77686374,53.94629576,59.6797151,30.18512292,1.13272426,-4.71058828000001,25.8631893,-1.22773707999999,5.73750252,25.8631893,1.22773707999999,-5.73750252
67,96.02904646,-51.23515893,42.24527561,124.9116339,50.28687521,67.88898815,27.05969612,-0.173445999999996,1.85411515999998,88.23596109,-40.78756505,28.95702001,125.53415183,55.24777339,57.73225043,29.78912797,1.40598796,-6.39312008000002,26.51818812,-0.392315029999992,5.31493952,26.51818812,0.392315029999992,-5.31493952
68,92.42575404,-49.51619568,38.6151854,119.76651076,51.7034502,64.80018284,26.78773236,0.18934672,0.09657508,87.24203444,-39.73199828,28.74637548,120.35456764,56.51898256,55.13503564,29.28910312,1.71388436,-8.27537024,27.24240064,0.3194772,4.97714812,27.24240064,-0.3194772,-4.97714812
69,89.1200276,-47.71258188,35.41460694,113.92325391,52.95403584,61.14352524,26.44135574,0.561311850000001,-1.70555339000001,85.98753397,-38.5077225,28.29408442,114.19033182,57.62759404,51.75861149,28.69006496,2.04623999,-10.28679241,27.98297149,0.911282130000002,4.71838435,27.98297149,-0.911282130000002,-4.71838435
70,86.0267264,-45.8670733,32.5769756,107.4173349,53.9480372,56.9092743,26.0063626,0.931774600000003,-3.49699490000001,84.5036094,-37.1492097,27.6592916,107.0969027,58.4261315,47.5607519,27.9981425,2.3904776,-12.3430746,28.6908165,1.4006216,4.5266783,28.6908165,-1.4006216,-4.5266783
71,83.06114692,-44.00201674,30.02162961,100.34014716,54.5954169,52.13906513,25.47258624,1.28992443,-5.22232417999999,82.83078104,-35.70013568,26.90823226,99.27444663,58.77466403,42.64088299,27.21925591,2.73301871,-14.35730186,29.32473211,1.813266,4.38541435,29.32473211,-1.813266,-4.38541435
72,80.15697756,-42.123003,27.67596244,92.84877888,54.814586,46.94242688,24.83490836,1.6258724,-6.83198196,81.00799164,-34.20736424,26.09819936,91.06359844,58.56766484,37.24862416,26.35854692,3.06073164,-16.25057404,29.85354676,2.17521408,4.27687764,29.85354676,-2.17521408,-4.27687764
73,77.27557344,-40.22701193,25.48918975,85.16415117,54.54714025,41.49906496,24.09495365,1.93149765,-8.28685995,79.06597524,-32.7135788,25.26644891,82.87929871,57.76146702,31.72898661,25.42147537,3.36237729,-17.96123968,30.25799037,2.50558722,4.18588067,30.25799037,-2.50558722,-4.18588067
74,74.4058087,-38.31113852,23.43742922,77.53888334,53.76838698,36.02777644,23.26114722,2.200553,-9.55869013999999,77.02345542,-31.25129128,24.42617126,75.09625154,56.38048906,26.4156872,24.41395542,3.6295974,-19.44926054,30.53010108,2.81244602,4.10258232,30.53010108,-2.81244602,-4.10258232
75,71.55541825,-36.3787125,21.517602,70.21364975,52.49008475,30.741052,22.3479965,2.42825925,-10.62758625,74.8880235,-29.84140075,23.571184,67.964079,54.50231075,21.54828325,23.34256675,3.85722775,-20.69545775,30.67058125,3.093689,4.02306975,30.67058125,-3.093689,-4.02306975
76,68.73996264,-34.44142928,19.73653996,63.37846496,50.75868948,25.80420112,21.37536328,2.61089292,-11.47944548,72.66005824,-28.49493684,22.68486116,61.5849756,52.23583376,17.2471956,22.21525076,4.04325432,-21.69874964,30.6860012,3.34121776,3.94828512,30.6860012,-3.34121776,-3.94828512
77,65.97453932,-32.51807038,18.10179165,57.1548459700001,48.64553312,21.31470201,20.36702332,2.74518576,-12.10250614,70.3370685,-27.216236,21.74902953,55.9469564300001,49.69832706,13.537272,21.04187218,4.1879805,-22.46960439,30.58550846,3.54562237,3.88220052,30.58550846,-3.54562237,-3.88220052
78,63.26839004,-30.63187074,16.61415882,51.59013368,46.24093036,17.30002644,19.34870146,2.82905026,-12.49011262,67.91951728,-26.00451658,20.75177382,50.96720244,47.00119484,10.3785105,19.83556206,4.29337298,-23.025551,30.37963072,3.70064914,3.82966432,30.37963072,-3.70064914,-3.82966432
79,60.6234864,-28.80717349,15.26663105,46.67526051,43.64013751,13.7383875,18.34464805,2.86171765,-12.64077627,65.41366783,-24.85449114,19.69017777,46.5441435,44.23465664,7.70072218000001,18.61239505,4.36146049,-23.3822698,30.07792955,3.80494596,3.79484383,30.07792955,-3.80494596,-3.79484383
80,58.03499,-27.0660774,14.0454948,42.3609276,40.9352694,10.5787928,17.3749982,2.844245,-12.560214,62.833179,-23.7565044,18.5697842,42.585356,41.4626428,5.4220704,17.3908814,4.393618,-23.5500716,29.6887838,3.862178,3.780169,29.6887838,-3.862178,-3.780169
81,55.49301125,-25.42526462,12.93317153,38.57212641,38.20759121,7.75821944999999,16.45351327,2.77976777,-12.26248441,60.19876349,-22.69801498,17.40202642,39.01936818,38.72338752,3.46045774999999,16.19051491,4.39049276,-23.53377948,29.21997982,3.87986633,3.78563293,29.21997982,-3.87986633,-3.78563293
82,52.98452098,-23.89479682,11.91236566,35.22098228,35.5225906,5.21617249999998,15.58663804,2.67361962,-11.77082728,57.53516142,-21.66613762,16.20135732,35.7953864,36.03559314,1.74148303999999,15.0299501,4.35253594,-23.33562572,28.67931184,3.86724692,3.8089983,28.67931184,-3.86724692,-3.8089983
83,50.49461466,-22.47600489,10.96745093,32.21148667,32.92520114,2.90164843000001,14.77303265,2.53384838,-11.12070086,54.86646352,-20.65046538,14.98409544,32.86934639,33.40706697,0.199576380000005,13.92352812,4.28134338,-22.96232874,28.07602914,3.83349723,3.84632599,28.07602914,-3.83349723,-3.84632599
84,48.00848132,-21.16444964,10.08763704,29.4529708,30.4409688,0.78326048,14.00589312,2.37046684,-10.35699324,52.210349,-19.64588084,13.76645516,30.19681468,30.84445368,-1.2180044,12.8788608,4.17972872,-22.4258776,27.42018832,3.7853352,3.89313824,27.42018832,-3.7853352,-3.89313824
85,45.5127771,-19.9516481,9.26678995,26.8644295,28.08018585,-1.15014640000001,13.2753,2.1950893,-9.5329707,49.5745553,-18.65442595,12.56252565,27.72463265,28.35967525,-2.5516039,11.8951647,4.0518997,-21.74503135,26.72270195,3.72638125,3.94457755,26.72270195,-3.72638125,-3.94457755
86,42.9979709,-18.82782456,8.50318322,24.38053408,25.84402838,-2.89236797999999,12.5712789,2.0197285,-8.70494078,46.95624314,-17.68536832,11.3820211,25.39132176,25.97250994,-3.82703613999999,10.96422482,3.9032598,-20.94502762,25.9947381,3.65718148,3.99521562,25.9947381,-3.65718148,-3.99521562
87,40.46108406,-17.7834329,7.79840539,21.95678124,23.7294102,-4.42850663,11.88705899,1.85513445,-7.92431037,44.34508651,-16.75240896,10.23000457,23.13395273,23.70804232,-5.0545174,10.07372937,3.74011851,-20.05686317,25.24685868,3.57623629,4.03901579,25.24685868,-3.57623629,-4.03901579
88,37.90850708,-16.80977024,7.15536196,19.5735962,21.73084688,-5.74727964,11.22174188,1.70871284,-7.22731668,41.72966696,-15.86804272,9.1091216,20.89944376,21.58970104,-6.23040864,9.21214448,3.56939284,-19.11637324,24.48824296,3.48133772,4.07020032,24.48824296,-3.48133772,-4.07020032
89,35.35710871,-15.89974578,6.57672091,17.23757851,19.8430149,-6.8484977,10.5815766,1.58339888,-6.62903916,39.10393271,-15.04021204,8.02319669,18.65538511,19.63495933,-7.3402684,8.37374484,3.39815034,-18.16201487,23.72580652,3.37091862,4.0836997,23.72580652,-3.37091862,-4.0836997
90,32.8333633,-15.0483941,6.063578,14.9765094,18.0629206,-7.74825659999999,9.9784016,1.4773187,-6.1214209,36.4717097,-14.2714249,6.97866040000001,16.3954991,17.8526411,-8.36328719999999,7.56137910000001,3.2333197,-17.2332942,22.9643737,3.2448525,4.07507,22.9643737,-3.2448525,-4.07507
91,30.36953365,-14.25367459,5.61448562,12.83017672,16.39235066,-8.47826475,9.42634006,1.38457531,-5.67681328,33.84864797,-13.56033346,5.98415117,14.14043474,16.24374908,-9.27686332,6.78713843,3.0812115,-16.3677469,22.20703691,3.10474664,4.04014154,22.20703691,-3.10474664,-4.04014154
92,27.99732288,-13.51618908,5.22413272,10.83775228,14.83786184,-9.08209464,8.93715164,1.2967168,-5.25496988,31.26155868,-12.90427336,5.04824556,11.93356816,14.8031702,-10.06251784,6.07025868,2.94667508,-15.59562372,21.4556616,2.9540626,3.97528044,21.4556616,-2.9540626,-3.97528044
93,25.74151267,-12.83788877,4.88339974,9.02645517,13.40849393,-9.60700652,8.51653361,1.20490624,-4.81352974,28.74461899,-12.30226152,4.17707067,9.83099354999999,13.52362014,-10.71074884,5.4327001,2.83238252,-14.93501519,20.71154841,2.79802145,3.87815526,20.71154841,-2.79802145,-3.87815526
94,23.61596664,-12.22060836,4.58039596,7.40541885999999,12.11272636,-10.09477796,8.16268806,1.1020675,-4.31837102,26.3332504,-11.75586526,3.37234448,7.88868045999999,12.397644,-11.22280926,4.89364876,2.73853886,-14.38950098,19.9759176,2.64316014,3.74880222,19.9759176,-2.64316014,-3.74880222
95,21.62166775,-11.6641025,4.3019079,5.96303534999999,10.9541864,-10.57616605,7.8660598,0.984266049999999,-3.75036179999999,24.05690745,-11.2683971,2.62997574999999,6.14878134999998,11.41781205,-11.6097064,4.46387835,2.6630843,-13.948912,19.2503666,2.49671735,3.5908391,19.2503666,-2.49671735,-3.5908391
96,19.74801236,-11.16488668,4.0351774,4.66934448,9.92904644,-11.06794592,7.6106764,0.85122112,-3.10794748,21.9335328,-10.84384368,1.93999548,4.62958484,10.57740672,-11.88677416,4.14217072,2.6025626,-13.59427188,18.53730236,2.3658122,3.41175536,18.53730236,-2.3658122,-3.41175536
97,17.97520822,-10.71536198,3.76940794,3.48048882,9.02385251,-11.57243236,7.37617565,0.70621487,-2.40687119,19.96580163,-10.48457378,1.28825939,3.31987496,9.86885447,-12.06868394,3.91397296,2.55323036,-13.30439941,17.84015609,2.25619476,3.22236816,17.84015609,-2.25619476,-3.22236816
98,16.28057246,-10.3049312,3.4970305,2.34856297999999,8.21804326,-12.08020954,7.14139538,0.554982119999999,-1.67491365999999,18.14512004,-10.18956898,0.661215699999996,2.18683179999999,9.28254422,-12.16770862,3.75585274,2.51187072,-13.06082712,17.16340898,2.17132518,3.0347057,17.16340898,-2.17132518,-3.0347057
99,14.64347211,-9.92165178,3.21388687,1.2298278,7.48697027,-12.57539827,6.88728708,0.40407228,-0.943959410000002,16.45762696,-9.95322067,0.0500584400000021,1.18841112,8.80509169,-12.19746852,3.6414277,2.47577523,-12.84786018,16.51206711,2.11171691,2.85978945,16.51206711,-2.11171691,-2.85978945
100,13.049253,-9.553812,2.919214,0.091127,6.80566,-13.039493,6.599387,0.259723,-0.244485,14.890448,-9.765878,-0.547064,0.286028,8.419067,-12.176937,3.547293,2.442458,-12.65096,15.891193,2.075083,2.705502,15.891193,-2.075083,-2.705502
