label,lt_ank_frontal_value_Mean,lt_ank_frontal_value_RMS,lt_ank_frontal_value_SD,lt_ank_frontal_value_Median,lt_ank_frontal_value_Variance,lt_ank_frontal_value_MaxValue,lt_ank_frontal_value_MinValue,lt_ank_sagittal_value_Mean,lt_ank_sagittal_value_RMS,lt_ank_sagittal_value_SD,lt_ank_sagittal_value_Median,lt_ank_sagittal_value_Variance,lt_ank_sagittal_value_MaxValue,lt_ank_sagittal_value_MinValue,lt_ank_transe_value_Mean,lt_ank_transe_value_RMS,lt_ank_transe_value_SD,lt_ank_transe_value_Median,lt_ank_transe_value_Variance,lt_ank_transe_value_MaxValue,lt_ank_transe_value_MinValue,lt_hip_frontal_value_Mean,lt_hip_frontal_value_RMS,lt_hip_frontal_value_SD,lt_hip_frontal_value_Median,lt_hip_frontal_value_Variance,lt_hip_frontal_value_MaxValue,lt_hip_frontal_value_MinValue,lt_hip_sagittal_value_Mean,lt_hip_sagittal_value_RMS,lt_hip_sagittal_value_SD,lt_hip_sagittal_value_Median,lt_hip_sagittal_value_Variance,lt_hip_sagittal_value_MaxValue,lt_hip_sagittal_value_MinValue,lt_hip_transe_value_Mean,lt_hip_transe_value_RMS,lt_hip_transe_value_SD,lt_hip_transe_value_Median,lt_hip_transe_value_Variance,lt_hip_transe_value_MaxValue,lt_hip_transe_value_MinValue,lt_knee_frontal_value_Mean,lt_knee_frontal_value_RMS,lt_knee_frontal_value_SD,lt_knee_frontal_value_Median,lt_knee_frontal_value_Variance,lt_knee_frontal_value_MaxValue,lt_knee_frontal_value_MinValue,lt_knee_sagittal_value_Mean,lt_knee_sagittal_value_RMS,lt_knee_sagittal_value_SD,lt_knee_sagittal_value_Median,lt_knee_sagittal_value_Variance,lt_knee_sagittal_value_MaxValue,lt_knee_sagittal_value_MinValue,lt_knee_transe_value_Mean,lt_knee_transe_value_RMS,lt_knee_transe_value_SD,lt_knee_transe_value_Median,lt_knee_transe_value_Variance,lt_knee_transe_value_MaxValue,lt_knee_transe_value_MinValue,lt_plv_frontal_value_Mean,lt_plv_frontal_value_RMS,lt_plv_frontal_value_SD,lt_plv_frontal_value_Median,lt_plv_frontal_value_Variance,lt_plv_frontal_value_MaxValue,lt_plv_frontal_value_MinValue,lt_plv_sagittal_value_Mean,lt_plv_sagittal_value_RMS,lt_plv_sagittal_value_SD,lt_plv_sagittal_value_Median,lt_plv_sagittal_value_Variance,lt_plv_sagittal_value_MaxValue,lt_plv_sagittal_value_MinValue,lt_plv_transe_value_Mean,lt_plv_transe_value_RMS,lt_plv_transe_value_SD,lt_plv_transe_value_Median,lt_plv_transe_value_Variance,lt_plv_transe_value_MaxValue,lt_plv_transe_value_MinValue,rt_ank_frontal_value_Mean,rt_ank_frontal_value_RMS,rt_ank_frontal_value_SD,rt_ank_frontal_value_Median,rt_ank_frontal_value_Variance,rt_ank_frontal_value_MaxValue,rt_ank_frontal_value_MinValue,rt_ank_sagittal_value_Mean,rt_ank_sagittal_value_RMS,rt_ank_sagittal_value_SD,rt_ank_sagittal_value_Median,rt_ank_sagittal_value_Variance,rt_ank_sagittal_value_MaxValue,rt_ank_sagittal_value_MinValue,rt_ank_transe_value_Mean,rt_ank_transe_value_RMS,rt_ank_transe_value_SD,rt_ank_transe_value_Median,rt_ank_transe_value_Variance,rt_ank_transe_value_MaxValue,rt_ank_transe_value_MinValue,rt_hip_frontal_value_Mean,rt_hip_frontal_value_RMS,rt_hip_frontal_value_SD,rt_hip_frontal_value_Median,rt_hip_frontal_value_Variance,rt_hip_frontal_value_MaxValue,rt_hip_frontal_value_MinValue,rt_hip_sagittal_value_Mean,rt_hip_sagittal_value_RMS,rt_hip_sagittal_value_SD,rt_hip_sagittal_value_Median,rt_hip_sagittal_value_Variance,rt_hip_sagittal_value_MaxValue,rt_hip_sagittal_value_MinValue,rt_hip_transe_value_Mean,rt_hip_transe_value_RMS,rt_hip_transe_value_SD,rt_hip_transe_value_Median,rt_hip_transe_value_Variance,rt_hip_transe_value_MaxValue,rt_hip_transe_value_MinValue,rt_knee_frontal_value_Mean,rt_knee_frontal_value_RMS,rt_knee_frontal_value_SD,rt_knee_frontal_value_Median,rt_knee_frontal_value_Variance,rt_knee_frontal_value_MaxValue,rt_knee_frontal_value_MinValue,rt_knee_sagittal_value_Mean,rt_knee_sagittal_value_RMS,rt_knee_sagittal_value_SD,rt_knee_sagittal_value_Median,rt_knee_sagittal_value_Variance,rt_knee_sagittal_value_MaxValue,rt_knee_sagittal_value_MinValue,rt_knee_transe_value_Mean,rt_knee_transe_value_RMS,rt_knee_transe_value_SD,rt_knee_transe_value_Median,rt_knee_transe_value_Variance,rt_knee_transe_value_MaxValue,rt_knee_transe_value_MinValue,rt_plv_frontal_value_Mean,rt_plv_frontal_value_RMS,rt_plv_frontal_value_SD,rt_plv_frontal_value_Median,rt_plv_frontal_value_Variance,rt_plv_frontal_value_MaxValue,rt_plv_frontal_value_MinValue,rt_plv_sagittal_value_Mean,rt_plv_sagittal_value_RMS,rt_plv_sagittal_value_SD,rt_plv_sagittal_value_Median,rt_plv_sagittal_value_Variance,rt_plv_sagittal_value_MaxValue,rt_plv_sagittal_value_MinValue,rt_plv_transe_value_Mean,rt_plv_transe_value_RMS,rt_plv_transe_value_SD,rt_plv_transe_value_Median,rt_plv_transe_value_Variance,rt_plv_transe_value_MaxValue,rt_plv_transe_value_MinValue
0,2.165345609,2.352381553,0.923811204,2.350775,0.85342714,3.273752,0.4768585,27.07555699,28.91259566,10.19219926,29.0427905,103.8809257,39.328236,7.844488,-9.341893431,10.30356013,4.368214999,-10.264696,19.08130227,-1.2965655,-14.524935,-28.66524046,32.55468071,15.50781538,-27.083529,240.4923378,-7.024497,-57.130705,55.97481071,63.30793472,29.72309398,60.091328,883.4623156,94.740379,2.138629,17.41185871,21.7374077,13.07805378,14.07597,171.0354906,37.9609605,1.377325,25.1862761,27.10744247,10.07321116,26.8370075,101.469583,39.5020105,4.659156,69.99380926,83.15100702,45.11215135,70.8187335,2035.1062,131.4028935,0.117581,26.66107571,35.20411396,23.10415219,27.281264,533.8018483,57.441685,-7.123145,1.661230495,2.16159526,1.389940784,1.866134,1.931935383,3.3595345,-1.2139505,16.84459023,17.31470848,4.027343885,17.680103,16.21949877,22.946698,8.758796,4.900295713,6.306265711,3.989191652,3.2314,15.91365004,15.234212,1.326791,2.935681767,3.033438502,0.767695854,3.048568,0.589356925,4.026511,1.534341,25.44068385,27.71535949,11.05087711,28.051577,122.1218849,38.118237,5.099624,-15.44011426,16.06145039,4.446210831,-16.180967,19.76879075,-7.179746,-21.609021,-21.33459851,22.06316417,5.651044235,-23.301991,31.93430095,-10.770404,-28.035242,58.70683875,65.04843344,28.15410867,64.0305195,792.6538349,94.243294,4.389109,15.22402715,19.71031106,12.58143923,15.619153,158.2926131,34.475079,-5.976978,24.92800577,26.78610512,9.851439255,27.812962,97.0508554,38.017162,5.976047,71.49806693,83.70336335,43.74039617,71.9070815,1913.222257,132.800507,2.037639,21.37513112,28.46788592,18.89601919,20.485956,357.0595413,47.30138,-5.868423,-1.661230495,2.16159526,1.389940784,-1.866134,1.931935383,1.2139505,-3.3595345,16.84459023,17.31470848,4.027343885,17.680103,16.21949877,22.946698,8.758796,-4.900295713,6.306265711,3.989191652,-3.2314,15.91365004,-1.326791,-15.234212
0,2.047550401,2.212280277,0.841866137,2.2077808,0.708738593,3.187483,0.58300625,26.83449895,28.69204615,10.20659641,29.45326725,104.1746103,38.3972894,7.24298,-8.796021593,9.650289937,3.989446203,-9.5927392,15.91568101,-1.81059875,-14.133003,-25.41083437,27.77863042,11.27835195,-27.5939981,127.2012227,-7.045562,-38.6572,55.23686267,63.47386992,31.42609387,56.80632035,987.5993758,98.756645,1.4497,18.62068056,24.74165958,16.37297083,12.3503642,268.0741737,47.1122539,1.093273,26.89404411,28.91398507,10.6703427,31.3219528,113.8562134,38.7379225,4.783301,69.55478137,83.42261509,46.28908885,69.7701022,2142.679747,133.8560777,0.183062,27.26339008,36.49839624,24.38706408,26.4374686,594.7288945,61.75488585,-6.671729,1.329299405,2.395256852,2.002478629,2.0071202,4.009920661,3.6890645,-2.2272493,17.35987864,17.67470371,3.337673218,17.59612775,11.14006251,22.71832145,10.466976,1.583274358,2.021171725,1.262600976,1.82077335,1.594161223,3.1057805,-0.9385642,2.885365516,2.971141046,0.712297976,2.9295262,0.507368407,3.920325,1.7329728,25.5780452,27.91871816,11.24591535,28.6949055,126.4706122,37.54012975,3.395667,-15.16217584,15.70672507,4.120404424,-15.496756,16.97773262,-8.39155235,-21.0373287,-24.33103861,25.8638001,8.815105377,-23.6164994,77.70608281,-10.420247,-38.6650732,57.13350386,63.89322464,28.74522499,61.98914555,826.2879599,94.1972792,3.945645,14.63932913,19.39775653,12.78994257,15.1231656,163.582631,34.17206625,-6.51239,26.27166448,28.36505572,10.74801339,32.0837055,115.5197919,39.04232665,6.398461,71.22513552,83.93854243,44.63614639,71.1780064,1992.385565,133.2671865,2.31965,21.32777492,28.79664119,19.44521243,20.63572625,378.1162863,49.0872004,-5.889274,-1.329299405,2.395256852,2.002478629,-2.0071202,4.009920661,2.2272493,-3.6890645,17.35987864,17.67470371,3.337673218,17.59612775,11.14006251,22.71832145,10.466976,-1.583274358,2.021171725,1.262600976,-1.82077335,1.594161223,0.9385642,-3.1057805
0,2.076869805,2.196900305,0.719800383,2.1587922,0.518112591,3.2013568,0.9706158,26.34989046,28.07976642,9.751826529,29.032541,95.09812065,36.39362195,9.125031,-8.943556431,9.561881987,3.399530755,-9.3619102,11.55680935,-3.684492,-14.1961286,-25.449032,27.53079814,10.55436082,-28.405481,111.3945322,-7.670002,-39.4828272,54.68592257,62.44310157,30.29317932,57.1725923,917.6767136,93.17274185,5.323168,16.71537795,21.69992827,13.90675582,12.8754806,193.3978574,36.640458,0.0521682,30.0338079,32.71299538,13.03040883,36.9484364,169.7915543,45.5991699,4.817587,69.47443384,84.16207369,47.74016408,69.0091637,2279.123267,140.418573,0.147562,29.05430315,39.98370517,27.60597017,25.3498029,762.0895892,75.610202,-6.809866,4.096223875,5.576242084,3.802443951,3.17197115,14.45858,15.2749976,-0.2244371,20.93120176,21.21535936,3.477934474,21.473973,12.0960282,27.39660925,12.823798,0.872298708,4.258302207,4.188789202,3.009392,17.54595498,4.217982,-11.5129042,2.542759425,2.751750278,1.057151428,2.74874825,1.117569141,3.99815025,0.25574565,26.16399488,28.41480467,11.13889408,29.5203486,124.0749613,39.4722016,7.310094,-13.10217897,14.51753108,6.283512649,-14.4489672,39.48253121,0.73039065,-21.45677645,-27.33343065,29.83848953,12.02710341,-24.066061,144.6512165,-11.925557,-51.5329328,63.80694074,73.53541287,36.73544027,63.2897846,1349.492572,135.6938247,7.98642,20.42200709,30.37106266,22.59195663,15.7720514,510.3965043,75.142309,-5.217944,26.77429033,28.81148819,10.69446685,31.55214735,114.3716213,40.7334469,6.677244,72.38624916,85.88734026,46.45680586,71.9645565,2158.234811,142.4328734,3.863279,22.92551755,31.32551889,21.45380774,21.4422293,460.2658665,55.6877681,-5.833827,-4.096223875,5.576242084,3.802443951,-3.17197115,14.45858,0.2244371,-15.2749976,20.93120176,21.21535936,3.477934474,21.473973,12.0960282,27.39660925,12.823798,-0.872298708,4.258302207,4.188789202,-3.009392,17.54595498,11.5129042,-4.217982
0,1.988731213,2.110804167,0.710947831,2.109233,0.505446818,3.195739,0.717138,24.71169934,26.69348189,10.14360044,26.536036,102.8926298,36.676846,8.381681,-8.52905252,9.163535453,3.367180061,-9.128062,11.33790157,-2.4597135,-14.170574,-26.14409796,28.69129109,11.87741933,-27.8873005,141.07309,-8.581918,-44.920822,51.89315773,59.99861002,30.26553681,51.587387,916.0027187,92.261471,4.396253,15.29212446,20.9209079,14.34829851,10.26188,205.8736701,38.192825,-0.646587,28.92892683,31.69487641,13.01380832,35.035805,169.3592069,43.942589,5.204679,63.9547373,79.29431436,47.11001661,57.7209015,2219.353665,137.084259,0.020987,26.2452601,37.49192938,26.90723698,20.5272665,723.999402,72.3819885,-6.658299,3.346825084,4.452267898,2.95087543,2.888085,8.707665801,12.488568,-0.5679045,20.20836227,20.51731585,3.564851697,20.835627,12.70816762,25.392102,12.166507,1.347900396,3.94969994,3.731102663,2.780422,13.92112708,4.277561,-11.442553,2.709470347,2.895325414,1.025717551,2.9522325,1.052096494,3.9602675,0.2339355,25.12280823,27.49767722,11.23460844,26.804396,126.2164268,39.304384,7.536973,-14.08352238,15.33161364,6.089326885,-15.6276415,37.07990191,0.86595,-21.252908,-26.21204579,28.77461917,11.92964532,-24.095126,142.3164375,-11.171607,-53.206707,59.47857142,68.83007997,34.81204167,57.557709,1211.878245,132.486816,8.454586,17.31678195,26.57610935,20.26037604,12.748526,410.4828373,70.923363,-4.906064,27.12767225,29.43599892,11.48360157,30.8942155,131.8731051,41.7598035,7.321369,67.62501501,81.33870823,45.42324547,61.277702,2063.271229,139.9320375,5.087084,20.81438573,29.68679527,21.27317165,16.985558,452.5478319,54.3426305,-5.37031,-3.346825084,4.452267898,2.95087543,-2.888085,8.707665801,0.5679045,-12.488568,20.20836227,20.51731585,3.564851697,20.835627,12.70816762,25.392102,12.166507,-1.347900396,3.94969994,3.731102663,-2.780422,13.92112708,11.442553,-4.277561
0,1.879601973,2.046482925,0.813474446,2.032591,0.661740674,3.00408876,0.22328284,23.38574323,25.51278913,10.24936665,23.39753324,105.0495166,37.26233536,8.114607,-8.00695638,8.886128575,3.873041424,-8.76580744,15.00044987,-0.06788688,-13.2952554,-27.34340996,30.94219267,14.55523243,-25.6062968,211.854791,-7.980154,-48.79316484,48.80298899,58.00575699,31.50818101,45.38042124,992.7654704,97.80113692,2.2162,14.0807145,21.08772703,15.77624693,6.78168488,248.8899673,44.83257628,-0.792475,26.71641933,29.57532776,12.74920702,32.82428008,162.5422797,42.69546556,5.337328,58.14799318,74.14570088,46.23375181,48.1481034,2137.559807,130.1705158,0.001953,22.89537793,34.06269797,25.346198,13.82888088,642.4297531,63.289355,-7.5343,1.684335201,2.099942947,1.260358308,1.8149444,1.588503065,4.166773,-0.1824486,19.12615994,19.48254415,3.727885169,19.5315552,13.89712783,25.6967156,11.011402,3.281366608,3.534183546,1.319210895,3.3940576,1.740317385,5.1984988,1.146399,2.707066634,2.797113191,0.707522978,2.71234152,0.500588764,3.97919356,1.41024844,22.67595464,25.4649298,11.64501473,22.28257044,135.606368,37.65938444,6.77803,-14.13153259,14.71548185,4.124759967,-14.2367204,17.01364478,-6.41928144,-21.35482944,-23.66856675,25.30127718,8.986273447,-22.57281664,80.75311047,-11.150822,-37.83505208,51.40172174,59.0396139,29.18860054,51.4311982,851.9744015,94.25966888,6.952626,11.61681279,17.54145886,13.20908642,10.211528,174.479964,34.75047168,-5.70426,27.04013509,29.88867771,12.79788229,30.6759174,163.7857912,44.11098084,6.765257,60.45999322,75.39192228,45.26385398,52.14295328,2048.816477,132.4004524,3.889463,17.54219733,27.6137458,21.4321761,11.10227828,459.3381723,52.7333666,-6.059653,-1.684335201,2.099942947,1.260358308,-1.8149444,1.588503065,0.1824486,-4.166773,19.12615994,19.48254415,3.727885169,19.5315552,13.89712783,25.6967156,11.011402,-3.281366608,3.534183546,1.319210895,-3.3940576,1.740317385,-1.146399,-5.1984988
1,0.551622249,1.604682341,1.514405987,0.97682653,2.293425493,2.86171765,-2.2239198,21.01005739,22.2634577,7.40144769,23.26114722,54.7814279,28.9235506,6.599387,-1.65122855,7.415154329,7.265021512,-3.71446204,52.78053757,11.62620905,-12.64077627,-36.73435197,40.63248268,17.45284776,-40.19915912,304.601895,-8.17193,-58.98750226,71.07454703,81.458791,39.99728527,68.73996264,1599.782829,139.6043058,3.07242,29.80647059,40.58075692,27.67590766,18.6308895,765.9558647,86.60575748,2.919214,37.07324819,39.79987361,14.54992267,40.9352694,211.7002496,54.814586,5.852446,76.60792429,92.77179411,52.58526442,77.0233074,2765.210034,146.6174521,0.001816,34.90992485,48.57080699,33.93854214,35.3189304,1151.824643,78.76948294,-13.039493,0.460524074,4.422980391,4.420879985,2.3658122,19.54417984,4.83729444,-9.773935,23.88458792,24.3563325,4.794263949,24.987421,22.98496681,30.6860012,9.827476,6.093934066,6.754417181,2.927623653,5.31493952,8.570980253,13.15772608,2.070657,2.167403036,2.466220846,1.182563077,2.442458,1.398455432,4.393618,0.36143739,21.18949206,23.15532305,9.383291312,24.00345156,88.04615584,30.83600191,3.547293,-10.84679505,12.89464823,7.007508836,-12.65096,49.10518009,0.07338975,-23.5500716,-29.74078572,31.80533632,11.32853628,-32.06772611,128.3357341,-9.765878,-43.03740772,63.65898531,68.88764991,26.45698998,73.07110425,699.9723187,89.68652188,5.297416,16.9133835,19.3799766,9.508741306,20.75177382,90.41616123,28.95702001,-3.077027,40.47995312,43.56648944,16.18661551,48.04888196,262.0065217,58.77466403,7.601473,76.34558126,91.67732417,51.00828196,75.09625154,2601.844829,142.6128971,0.286028,27.91933844,40.5280154,29.52390352,26.4156872,871.6608791,65.7546213,-12.19746852,-0.460524074,4.422980391,4.420879985,-2.3658122,19.54417984,9.773935,-4.83729444,23.88458792,24.3563325,4.794263949,24.987421,22.98496681,30.6860012,9.827476,-6.093934066,6.754417181,2.927623653,-5.31493952,8.570980253,-2.070657,-13.15772608
1,0.592764709,1.492418893,1.376482325,0.89800441,1.894703592,2.5974631,-1.68092285,21.97654161,23.31593226,7.82757684,25.36111435,61.27095918,30.23526152,7.270517,-1.843655938,6.840145481,6.619849561,-3.33393908,43.82240822,9.08197015,-11.4169807,-41.88819314,46.2840838,19.78564242,-43.68805658,391.4716458,-9.89097,-69.62589402,75.32664529,85.61667304,40.89831688,74.00247379,1672.672324,153.4097887,10.283677,30.77544544,43.23024118,30.51135801,21.63257744,930.9429673,98.32349034,0.96493183,37.85525929,40.09180787,13.2693529,40.52827488,176.0757263,55.7322147,9.056376,78.17044533,92.55670087,49.80648147,88.24616214,2480.685597,135.4846344,0.079589,35.60141374,47.53069619,31.64843573,43.48693468,1001.623484,72.9082386,-13.045872,0.149180513,5.507775471,5.533215085,2.44892899,30.61646917,3.87816878,-15.33193468,23.69929643,24.07367209,4.250163181,23.6288034,18.06388707,31.38014333,14.338757,8.149926358,10.7058251,6.976770415,5.10331032,48.67532542,25.63048284,2.354256,2.975596682,3.136290607,0.995974191,3.04497669,0.991964589,4.92305058,0.95192375,24.17494491,26.16997021,10.07192995,28.81320528,101.443773,33.92621948,4.046267,-15.60618804,16.61725767,5.736370709,-16.1603958,32.90594892,-3.59263526,-26.24946761,-25.69680521,27.81545441,10.70081506,-26.44782376,114.5074429,-6.2928585,-44.33879947,65.4708617,69.66828444,23.9355068,73.2768226,572.9084859,96.42367361,13.484073,19.6770918,22.58396507,11.13894124,21.73198282,124.076012,35.63271139,-2.926014,44.61549803,47.61211415,16.70731745,50.85822584,279.1344565,73.61176943,8.935027,81.28234197,95.99357199,51.32276508,87.22923828,2634.026215,156.627188,1.323253,33.40232209,47.67057492,34.18093442,35.04690108,1168.336278,108.8679979,-12.764175,-0.149180513,5.507775471,5.533215085,-2.44892899,30.61646917,15.33193468,-3.87816878,23.69929643,24.07367209,4.250163181,23.6288034,18.06388707,31.38014333,14.338757,-8.149926358,10.7058251,6.976770415,-5.10331032,48.67532542,-2.354256,-25.63048284
1,1.072808916,1.570037013,1.152058256,1.32403635,1.327238224,2.86502195,-0.8717254,23.5023571,24.94197756,8.392786793,25.64587986,70.43887016,32.7598212,7.682874,-4.143828206,6.891675806,5.534177631,-5.3862049,30.62712205,5.22401715,-12.65600988,-38.63708815,41.52300178,15.28556337,-42.69559475,233.6484476,-10.367413,-56.10865188,65.71812187,73.17008812,32.33172059,67.46978175,1045.340156,113.0566329,7.044795,21.80296376,29.3698474,19.77601818,16.53506899,391.0908949,56.19691561,-1.00902,39.3720436,41.4965089,13.17271642,41.89153115,173.520458,54.70769116,8.880497,77.6794778,92.92663464,51.25690914,79.9933944,2627.270735,145.0332905,0.112626,36.27118923,49.39494022,33.69723372,38.53538044,1135.50356,80.31324668,-13.372163,2.785021821,2.945533132,0.963855321,2.74334724,0.929017079,4.87470988,1.26937216,24.92360047,25.23053317,3.943080413,25.65015827,15.54788315,30.12735319,12.529629,6.392629545,6.56775203,1.514051112,6.16266343,2.29235077,9.3914766,3.86275,2.482330278,2.779434417,1.25655282,2.79784538,1.578924989,4.59143145,0.2263204,24.21747906,26.26604136,10.22021638,27.06472798,104.4528228,36.065964,5.046333,-12.68341087,14.66949534,7.407322996,-14.73458128,54.86843396,0.91327716,-24.57268302,-31.14146942,33.76616091,13.11739798,-31.09262176,172.0661296,-9.973568,-52.17822728,68.08396055,73.93229378,28.96314837,72.64407262,838.8639633,107.9476439,10.228983,20.82400899,24.88509726,13.69251629,21.2268888,187.4850024,41.22391888,-3.454437,41.36113991,43.95875547,14.96143611,44.44363866,223.8445705,58.78162962,9.670326,78.470574,93.58831203,51.25575652,77.02580338,2627.152577,145.6306042,2.000062,28.8688245,41.42837336,29.86185028,28.33685096,891.7301024,65.6037872,-12.800134,-2.785021821,2.945533132,0.963855321,-2.74334724,0.929017079,-1.26937216,-4.87470988,24.92360047,25.23053317,3.943080413,25.65015827,15.54788315,30.12735319,12.529629,-6.392629545,6.56775203,1.514051112,-6.16266343,2.29235077,-3.86275,-9.3914766
1,1.361299707,1.759240896,1.119914977,1.49791888,1.254209556,2.965223,-0.498961,22.34234738,23.77983104,8.183084765,24.4364136,66.96287628,31.8308078,7.950901,-5.520946637,7.678571023,5.363245026,-6.22007748,28.7643972,3.428138,-13.116943,-35.41839054,38.80413225,15.9314555,-38.48810432,253.8112742,-8.645122,-55.43042388,61.32080591,68.47025637,30.61395298,63.03871928,937.214117,103.8353122,9.233706,19.47001497,25.95669424,17.25152683,14.65386184,297.6151779,48.6265862,0.00432,38.61903516,41.097837,14.12722026,44.0823818,199.5783524,55.63387644,8.597132,72.04252709,88.15310127,51.05538159,68.4890634,2606.651989,141.0219497,0.103751,33.0345681,47.50127468,34.30363378,29.7692042,1176.739291,79.12118716,-12.350351,3.459738564,3.655660118,1.186591995,3.76989196,1.408000563,5.18512632,1.00692608,24.51753905,24.78773462,3.668144974,25.44922148,13.45528755,30.0424446,14.502912,5.169928134,5.618130571,2.209883831,5.86033188,4.883586546,7.84548684,-1.7548674,2.632215605,2.869790999,1.149005134,2.78288528,1.320212798,4.24615892,0.41507232,23.2241144,25.54739772,10.69781011,25.54239,114.4431412,35.92065696,5.375743,-13.59212238,15.17440435,6.780259883,-14.64763,45.97192408,-0.26003428,-22.77707556,-30.93917815,33.58141385,13.12186715,-29.37366496,172.1833976,-10.906549,-56.0730576,65.47096768,71.75659032,29.51586441,69.90438324,871.1862516,112.216345,12.986687,19.25979234,24.02317789,14.43035723,19.7394244,208.2352098,47.045532,-2.367775,39.88781637,42.53617402,14.84826883,43.62987588,220.4710872,58.38356892,9.828687,73.33288176,89.03795266,50.74983667,66.7818268,2575.545922,142.9181436,2.827808,25.80947794,39.18059359,29.62565881,20.5360668,877.6796602,64.534117,-12.565507,-3.459738564,3.655660118,1.186591995,-3.76989196,1.408000563,-1.00692608,-5.18512632,24.51753905,24.78773462,3.668144974,25.44922148,13.45528755,30.0424446,14.502912,-5.169928134,5.618130571,2.209883831,-5.86033188,4.883586546,1.7548674,-7.84548684
1,1.335954818,1.728757251,1.102662514,1.54170076,1.215864619,3.03667204,-0.57524788,20.09254553,21.4637521,7.586309458,21.39300518,57.5520912,29.08858674,7.390791,-5.402282834,7.53740387,5.28243081,-6.42962988,27.90407526,3.79634744,-13.44454276,-35.55263136,39.27783757,16.77934792,-35.88975,281.5465167,-9.34244,-57.18234688,60.64547038,67.75034069,30.35387853,61.0683524,921.3579415,103.7166507,8.585183,19.12409927,25.66096908,17.19539772,13.2817117,295.6817028,48.895992,-0.346718,38.83889005,41.75142962,15.39706854,45.11022144,237.0697198,57.34970228,8.3544,66.89665179,83.40531948,50.06094436,56.07582194,2506.098151,139.4601816,0.074585,29.77770005,45.00898088,33.91884298,20.51424056,1150.487909,78.61317472,-12.766387,2.781137072,2.983848214,1.086422118,3.1772926,1.180313018,4.54518566,1.02012306,24.63818006,24.96029829,4.017006332,24.9523101,16.13633987,30.5776982,13.932256,5.463554115,5.633831195,1.381494363,5.6114404,1.908526675,7.18994412,3.21006,2.846579949,3.016142055,1.002016191,3.04682376,1.004036448,4.12909924,0.8542036,21.48521438,23.53243712,9.647941297,22.81175418,93.08277127,32.93893652,5.209385,-14.87186929,15.97756269,5.869507088,-16.17097822,34.45111346,-2.98718554,-22.15702316,-28.70236657,30.93722984,11.60255175,-27.93929616,134.6192071,-11.091783,-47.42700248,62.45259625,67.99162316,27.01405896,66.3037754,729.7593816,99.08100916,12.264856,17.63090114,21.50303651,12.37122561,18.5158734,153.047223,36.86618428,-2.586076,41.10611308,44.18693533,16.29111563,47.91005584,265.4004486,61.46658922,10.085639,67.62337214,83.76126393,49.6735258,55.2576868,2467.459165,142.3782013,1.673341,22.8135276,38.05597386,30.61173151,12.17244776,937.0781061,67.14201344,-13.221741,-2.781137072,2.983848214,1.086422118,-3.1772926,1.180313018,-1.02012306,-4.54518566,24.63818006,24.96029829,4.017006332,24.9523101,16.13633987,30.5776982,13.932256,-5.463554115,5.633831195,1.381494363,-5.6114404,1.908526675,-3.21006,-7.18994412
3,1.907037903,2.174005055,1.048999265,1.6364766,1.100399458,3.8003544,-0.198375,18.07477169,18.87636672,5.469556399,18.78190336,29.9160472,25.2584172,7.942201,-8.104746034,9.474301331,4.931149177,-6.8826384,24.31623221,1.974794,-16.885601,-22.054019,24.85597725,11.52190303,-23.00169944,132.7542495,1.5417698,-43.05846664,62.93298067,67.4709819,24.44772126,76.12406836,597.691075,86.2751272,5.380749,14.2602575,18.12921601,11.25018508,14.448195,126.5666643,32.29153264,-8.59324332,37.66678914,40.83484894,15.84881266,44.400695,251.1848627,55.101538,4.982262,57.66756673,67.68190186,35.60680415,56.39295572,1267.844502,105.38542,0.008612,20.28228244,28.65917416,20.34888338,19.3732936,414.077055,49.79457504,-11.097753,10.03930192,17.08289333,13.89057371,3.04347968,192.948038,45.69522,-0.0801358,25.5525005,26.15383032,5.603881159,26.07075668,31.40348404,38.13218136,11.382111,-3.913719873,13.61948075,13.11010233,1.6768778,171.8747831,6.11144152,-42.9144258,0.281730956,2.311542142,2.305752217,0.9150532,5.316493288,2.9647278,-5.01845084,19.59340126,21.39940829,8.647174969,17.82838364,74.77363494,34.9440526,7.616508,0.285493777,13.47263768,13.53679297,-3.3642854,183.2447639,30.2906758,-15.6995894,-23.78510594,25.24004332,8.48774455,-22.7216222,72.04180755,-10.475534,-45.94770924,83.56100538,95.98289764,47.4613292,76.51744064,2252.57777,178.3073108,7.743642,39.19086106,53.73239584,36.94264798,24.89404188,1364.75924,125.01847,-1.205421,34.23733043,37.05206917,14.2361387,35.8995002,202.6676452,52.84311972,6.5716,65.6989148,79.49904431,44.98653296,54.7203878,2023.788148,136.3540562,1.176165,18.35659804,27.73145034,20.88993377,12.646309,436.389333,49.6118712,-8.495227,-10.03930192,17.08289333,13.89057371,-3.04347968,192.948038,0.0801358,-45.69522,25.5525005,26.15383032,5.603881159,26.07075668,31.40348404,38.13218136,11.382111,3.913719873,13.61948075,13.11010233,-1.6768778,171.8747831,42.9144258,-6.11144152
3,1.65498419,1.975684663,1.084435702,1.78865384,1.176000792,3.38653156,0.11267449,17.62595181,18.33117905,5.060783304,20.00621056,25.61152765,22.94684016,6.943235,-6.913590841,8.608818423,5.155303725,-7.60814244,26.57715649,0.46814437,-15.03516504,-27.72667441,35.91299736,22.93871519,-31.3492695,526.1846544,26.767391,-56.57632974,70.31439404,75.50747127,27.65568387,80.6966512,764.8368505,111.9737256,3.437435,23.51157246,25.88836358,10.88978706,22.3932665,118.5874622,48.07893311,1.446658,44.65960136,48.80997237,19.79426037,52.78833426,391.8127436,68.05137932,2.981696,69.49405622,83.57670759,46.66046102,65.38897712,2177.198622,159.3503183,0.03919,29.81182688,44.01384667,32.54164122,21.75021287,1058.958413,104.8409868,-12.003235,10.80271815,13.05445655,7.365956653,9.633072,54.25731742,27.992157,0.88933166,27.49895857,28.14429471,6.022266044,27.35437356,36.26768831,36.55897191,9.208586,-0.326168051,9.709015523,9.75193226,4.16042676,95.1001828,8.59475764,-23.031656,0.117311378,1.606083367,1.609782359,0.57494278,2.591399242,2.51923322,-2.3934002,19.25440418,20.10582287,5.817830635,20.8043247,33.84715329,26.39657861,7.887989,1.517373446,9.893859332,9.825573296,-1.25368162,96.5418906,16.7025822,-13.10422342,-32.76439983,34.95983562,12.25442991,-32.247167,150.1710525,-10.123778,-56.966618,83.71498237,91.45366486,37.00176063,85.2418626,1369.130289,138.0301484,7.759422,33.09055895,40.93032015,24.20968972,28.8526267,586.1090764,69.90076199,-20.631634,43.50118894,46.34387156,16.06097761,49.83969768,257.9550019,60.78977033,6.411355,74.03207673,86.43156994,44.82816721,64.4020878,2009.564575,148.5451228,3.586267,26.39018223,36.06098848,24.69803036,18.0346694,609.9927038,73.80545799,-4.551178,-10.80271815,13.05445655,7.365956653,-9.633072,54.25731742,-0.88933166,-27.992157,27.49895857,28.14429471,6.022266044,27.35437356,36.26768831,36.55897191,9.208586,0.326168051,9.709015523,9.75193226,-4.16042676,95.1001828,23.031656,-8.59475764
3,0.035410352,2.345775902,2.357206991,1.13267975,5.556424797,2.665381,-3.62093615,18.85440291,20.2354435,7.38407145,19.7014502,54.52451118,28.3185514,5.874431,0.725690251,11.1335263,11.16526172,-4.465839,124.6630693,17.93847855,-11.732598,-41.41493652,46.52641662,21.30740673,-36.702692,454.0055816,-10.38818,-75.02947825,96.89656993,116.4982748,64.99793682,78.462708,4224.731791,204.371399,11.102082,47.97934001,67.28268835,47.40456217,28.3390615,2247.192514,127.8205624,2.353512,29.96968478,34.41393535,16.9999503,30.131339,288.9983102,55.4036712,5.4070937,62.3060437,73.97653227,40.07978403,62.4928283,1606.389088,116.9525577,0.043362,21.26339496,30.18268298,21.52791236,19.59517625,463.4510104,51.0021948,-10.286716,-4.160018059,11.22758581,10.48048005,1.6825703,109.8404622,7.447925,-23.111033,21.62423226,22.38703143,5.823012366,22.0284945,33.90747302,30.28131175,8.56427525,14.55186185,20.64708925,14.72043027,5.26164015,216.6910673,39.8560914,-1.5940095,7.114139257,13.42010156,11.43604083,1.069839,130.7830299,33.63169,-1.3501675,30.4349706,41.15524659,27.84136411,18.6835746,775.1415555,90.0066895,5.802183,-18.90519041,34.31048831,28.77501377,-4.322124,828.0014174,10.58983725,-73.650409,-7.817154124,22.51916796,21.22416258,-15.14190635,450.4650771,40.51932215,-39.96342395,66.35698688,69.85069167,21.92323227,76.31369515,480.6281132,103.1131406,15.575965,54.96749377,84.61843212,64.65479271,25.42908955,4180.242221,179.2184964,0.548786,20.92407541,40.82959711,35.23537227,30.93806145,1241.531459,74.7737116,-44.05843275,-92.50829876,178.6020481,153.5392956,-82.0128344,23574.3153,82.7358813,-356.530151,-117.3220265,193.5648544,154.7253176,-58.2582904,23939.92391,25.962605,-366.300467,4.160018059,11.22758581,10.48048005,-1.6825703,109.8404622,23.111033,-7.447925,21.62423226,22.38703143,5.823012366,22.0284945,33.90747302,30.28131175,8.56427525,-14.55186185,20.64708925,14.72043027,-5.26164015,216.6910673,1.5940095,-39.8560914
3,0.751830341,2.418293819,2.30991885,1.80011564,5.335725095,3.16195106,-3.97925715,16.72123163,18.38787395,7.687617609,17.86156268,59.0994645,26.89999738,4.895709,-2.646777068,11.20917167,10.9465292,-7.66267344,119.8265016,19.4922788,-14.0167432,-33.38719875,36.02714866,13.60451779,-35.66082195,185.0829042,-9.93679,-53.4461781,89.64927399,101.3609428,47.53334496,82.754265,2259.418883,167.3445557,13.206531,47.263708,62.42927553,40.9901441,31.575801,1680.191913,123.336301,3.874028,37.94837813,41.02515392,15.6656851,40.99340857,245.4136896,59.64233706,6.318209,77.17823655,96.7813926,58.6878125,67.92218625,3444.259335,162.2620134,0.021059,35.15608813,49.71110366,35.32132115,27.46782375,1247.595727,85.97221594,-8.488002,-2.642448488,6.730513252,6.220968362,-0.09204152,38.70044737,3.50180549,-15.00751645,25.71747558,26.12883606,4.641206624,26.2850521,21.54079892,33.73911803,15.016155,7.493770252,11.32719918,8.536412435,2.758655,72.87033725,25.7697735,-1.09835404,0.143873392,2.015494492,2.020379588,1.14245713,4.081933679,2.249952,-3.49060126,18.59194016,20.93910876,9.68059384,20.15055047,93.71389709,31.29422932,2.9329634,1.249934167,12.18602308,12.18220798,-4.77067687,148.4061912,22.72922148,-11.50736191,-25.0986134,26.53410786,8.652148282,-26.82292375,74.8596699,-9.854109,-40.27268304,74.11050097,78.53897096,26.12974627,80.84078575,682.7636404,104.0042288,17.322086,20.50380693,22.04059099,8.126214886,21.78817704,66.03536838,34.88253404,0.822988,37.0359685,40.02722222,15.25846359,41.0917098,232.8207111,55.91947247,7.214688,70.57704422,86.2574684,49.83797749,64.6038795,2483.824,137.7315251,1.214851,21.47643297,32.01063736,23.85535932,16.81413384,569.0781685,52.32028304,-6.67806364,2.642448488,6.730513252,6.220968362,0.09204152,38.70044737,15.00751645,-3.50180549,25.71747558,26.12883606,4.641206624,26.2850521,21.54079892,33.73911803,15.016155,-7.493770252,11.32719918,8.536412435,-2.758655,72.87033725,1.09835404,-25.7697735
3,1.721682113,2.141799884,1.2803705,1.46688132,1.639348618,3.82418104,-0.17686948,18.28716387,19.24120099,6.013442247,19.8809936,36.16148766,25.93576944,8.042653,-7.201411568,9.383295404,6.045474598,-6.07142408,36.54776311,1.87069292,-16.9910574,-33.08570466,36.06898846,14.43506689,-33.42190392,208.3711562,-7.554967,-55.70311236,65.94577436,70.96013276,26.33173443,75.9092976,693.3602381,93.65624484,2.968471,21.13141543,23.90170488,11.22507575,24.676283,126.0023256,37.0777934,2.624577,39.89132845,42.74952811,15.44558541,47.41743156,238.5661087,58.43206388,5.108387,61.27435198,72.83557192,39.57245343,60.90278384,1565.97907,117.31579,0.024002,24.01592931,33.21607274,23.06096386,24.3568238,531.8080539,56.93456292,-11.017353,2.915704108,3.769200246,2.400540658,2.87408288,5.762595449,7.56151848,-0.80831996,23.4061284,24.03391216,5.484515253,23.66611776,30.07990756,33.3610058,9.365958,4.365983679,5.167376417,2.777834625,3.09320428,7.716365205,11.39810204,0.185278,0.502014496,1.357685853,1.267755988,0.93209776,1.607205246,2.05413028,-1.68583668,18.11636009,19.32702049,6.766426713,19.2758456,45.78453046,27.79268076,6.25746,-0.81511856,7.800979158,7.7969716,-3.46986224,60.79276613,12.59099812,-10.33432468,-24.64471144,25.80819613,7.699882921,-25.8771872,59.288197,-10.337725,-36.1886442,71.077635,76.01518731,27.0839674,77.705716,733.5412904,104.1282255,6.315389,23.36399467,26.73128427,13.05266888,23.458353,170.3721649,43.662578,-4.708935,39.37160412,42.55178231,16.22147577,47.45260092,263.1362762,55.63583768,6.671558,60.84548451,71.77759562,38.26681004,57.08015356,1464.34875,117.367636,1.397351,16.68122943,24.83068288,18.48465285,13.33720064,341.682391,44.65989092,-6.7183364,-2.915704108,3.769200246,2.400540658,-2.87408288,5.762595449,0.80831996,-7.56151848,23.4061284,24.03391216,5.484515253,23.66611776,30.07990756,33.3610058,9.365958,-4.365983679,5.167376417,2.777834625,-3.09320428,7.716365205,-0.185278,-11.39810204